,UPC,Number Of Servings,Serving Size,Energy,Total Fat,Saturated Fat,Protein,Sugars,Carbohydrates,Sodium,Calories From Fat,Company ID,Product ID
2,19600050308,1,1.0 pizza,370.0,15.0 g,8.0 g,15 g,3 g,41 g,790.0 mg,140.0,19600,05030
3,41331037822,40,0.25 tsp,0.0,0.0 g,0.0 g,0 g,0 g,0 g,170.0 mg,0.0,41331,03782
4,14100078678,About 2,,140.0,5.0 g,1.0 g,3 g,0 g,20 g,250.0 mg,45.0,14100,07867
5,87684001066,10,1.0 pouch,50.0,0.0 g,,0 g,13 g,14 g,25.0 mg,,87684,00106
7,73731008300,20,1.0 tortilla,90.0,2.0 g,0.5 g,3 g,1 g,17 g,260.0 mg,15.0,73731,00830
8,14100070610,16,1.0 Slice,80.0,1.5 g,0.0 g,3 g,4 g,15 g,135.0 mg,15.0,14100,07061
9,41331090605,10,1.0 disk,130.0,3.5 g,1.5 g,3 g,1 g,23 g,110.0 mg,30.0,41331,09060
10,43000955635,8,0.125 package,0.0,0.0 g,,0 g,,0 g,10.0 mg,,43000,95563
11,41196010329,2,237.0 g,110.0,4.0 g,1.5 g,8 g,1 g,12 g,670.0 mg,35.0,41196,01032
13,76183003572,12,1.0 bottle,10.0,0.0 g,,0 g,,1 g,15.0 mg,,76183,00357
14,44000033385,15,33.0 g,160.0,8.0 g,2.5 g,1 g,11 g,22 g,110.0 mg,70.0,44000,03338
15,71730007157,6,0.5 cups,200.0,1.0 g,0.0 g,8 g,2 g,40 g,20.0 mg,10.0,71730,00715
16,13900500013,About 56,0.25 tsp,0.0,0.0 g,0.0 g,0 g,0 g,0 g,0.0 g,0.0,13900,50001
17,83900006495,7,355.0 ml,120.0,0.0 g,,0 g,31 g,31 g,35.0 mg,,83900,00649
18,14100085485,6,,140.0,5.0 g,1.0 g,4 g,1 g,19 g,270.0 mg,45.0,14100,08548
19,21273100129,16,1.0 Tbsp,60.0,0.0 g,nan kg,0 g,16 g,17 g,0.0 mg,0.0,21273,10012
20,73420000158,15,2.0 tablespoons,40.0,2.5 g,2.0 g,2 g,2 g,2 g,25.0 mg,25.0,73420,00015
22,43000200018,4,0.25 package,80.0,0.0 g,0.0 g,2 g,19 g,19 g,90.0 mg,,43000,20001
24,25000046285,7,8.0 fl oz,130.0,0.0 g,,0 g,34 g,34 g,20.0 mg,,25000,04628
25,49000024692,1,1.0 bottle,0.0,0.0 g,,0 g,,0 g,60.0 mg,,49000,02469
26,76183163740,-,1.0 bottle,150.0,0.0 g,,0 g,36 g,37 g,10.0 mg,,76183,16374
27,79606010157,1,1.0 Burrito,340.0,16.0 g,5.0 g,9 g,1 g,39 g,570.0 mg,140.0,79606,01015
28,79606106454,1,1.0 Burrito,260.0,7.0 g,1.5 g,9 g,0 g,39 g,500.0 mg,60.0,79606,10645
29,71673020503,18,1.0 slice,90.0,1.0 g,0.0 g,4 g,3 g,18 g,170.0 mg,10.0,71673,02050
30,36632038128,,1.0 Container,80.0,0.0 g,0.0 g,12 g,7 g,9 g,45.0 mg,0.0,36632,03812
31,43000054017,8,2.0 pieces,90.0,7.0 g,4.5 g,2 g,0 g,4 g,0.0 mg,70.0,43000,05401
32,21000301928,about 25,1.0 Tbsp,70.0,7.0 g,4.5 g,0 g,,0 g,60.0 mg,70.0,21000,30192
33,38000768620,About 14,0.75 Cup,120.0,1.0 g,0.5 g,1 g,12 g,27 g,120.0 mg,5.0,38000,76862
34,38000768620,About 14,0.75 Cup,160.0,1.0 g,0.5 g,1 g,12 g,27 g,120.0 mg,10.0,38000,76862
35,51500241776,25,2.0 tbsp,190.0,16.0 g,2.5 g,7 g,3 g,8 g,135.0 mg,130.0,51500,24177
36,25000054259,7,8.0 fl oz,120.0,0.0 g,,0 g,28 g,31 g,15.0 mg,,25000,05425
37,75185000039,8,1.0 Roll,130.0,2.0 g,0.5 g,7 g,5 g,23 g,170.0 mg,20.0,75185,00003
38,38000260667,3.5,11.0 pancakes,280.0,9.0 g,1.5 g,6 g,11 g,44 g,570.0 mg,80.0,38000,26066
39,41789001215,1,1.0 container,290.0,12.0 g,6.0 g,7 g,2 g,39 g,1190.0 mg,110.0,41789,00121
42,44700092194,Usually 10,1.0 oz,5.0,0.0 g,,0 g,<1 g,<1 g,380.0 mg,,44700,09219
43,48121184117,6,1.0 muffin,140.0,1.5 g,0.0 g,4 g,<1 g,26 g,220.0 mg,,48121,18411
44,34000402113,about 7,2.0 pieces,220.0,13.0 g,4.5 g,5 g,22 g,24 g,150.0 mg,110.0,34000,40211
45,14100074120,5,,180.0,9.0 g,4.0 g,2 g,11 g,22 g,60.0 mg,80.0,14100,07412
48,46000821214,4,120.0 g,110.0,2.5 g,1.0 g,5 g,0 g,14 g,440.0 mg,,46000,82121
49,16000275690,17,27.0 g,110.0,1.0 g,0.0 g,2 g,10 g,22 g,170.0 mg,10.0,16000,27569
50,16000275690,17,27.0 g,150.0,1.0 g,0.0 g,6 g,16 g,28 g,240.0 mg,10.0,16000,27569
51,49000005486,-,1.0 bottle,140.0,0.0 g,,0 g,39 g,39 g,45.0 mg,,49000,00548
52,36200004449,5,0.5 cup,90.0,2.5 g,0.0 g,2 g,10 g,14 g,460.0 mg,25.0,36200,00444
54,24600010016,491,0.25 tsp,0.0,0.0 g,nan kg,0 g,nan kg,0 g,590.0 mg,,24600,01001
55,70346000095,7,5.0 pieces,160.0,3.5 g,2.0 g,2 g,26 g,31 g,110.0 mg,30.0,70346,00009
56,27000390078,3.5,0.25 cup,20.0,0.0 g,0.0 g,1 g,3 g,5 g,20.0 mg,0.0,27000,39007
57,44700360002,,1.0 package,350.0,17.0 g,8.0 g,11 g,13 g,39 g,660.0 mg,150.0,44700,36000
58,71300000083,8,2.0 oz,200.0,1.0 g,0.0 g,7 g,1 g,42 g,0.0 mg,10.0,71300,00008
59,22000004840,14,1.0 piece,5.0,0.0 g,nan kg,0 g,0 g,1 g,0.0 mg,,22000,00484
60,49200056004,113,1.0 teaspoon,15.0,0.0 g,,0 g,4 g,4 g,0.0 mg,,49200,05600
61,77901007810,6,1.0 oz,70.0,5.0 g,3.5 g,5 g,0 g,1 g,260.0 mg,45.0,77901,00781
62,18000005017,8,44.0 g,140.0,4.5 g,3.0 g,2 g,10 g,24 g,340.0 mg,40.0,18000,00501
63,16000434721,11,31.0 g,130.0,3.0 g,0.5 g,1 g,9 g,25 g,180.0 mg,30.0,16000,43472
64,16000434721,11,31.0 g,170.0,3.0 g,0.5 g,5 g,15 g,31 g,240.0 mg,30.0,16000,43472
67,49000000443,-,1.0 bottle,240.0,0.0 g,,0 g,65 g,65 g,75.0 mg,,49000,00044
70,73410312001,about 14,0.66 Cup,100.0,1.0 g,0.0 g,3 g,1 g,18 g,350.0 mg,10.0,73410,31200
71,16000439801,6,35.0 g,140.0,4.0 g,0.5 g,3 g,7 g,25 g,65.0 mg,35.0,16000,43980
72,21000616893,16,1.0 oz,70.0,4.0 g,2.5 g,4 g,2 g,3 g,400.0 mg,40.0,21000,61689
73,49000055450,About 3.5,12.0 fl oz,140.0,0.0 g,,0 g,38 g,38 g,65.0 mg,,49000,05545
75,73491510006,about 5,0.5 cup,130.0,2.5 g,1.5 g,4 g,15 g,24 g,140.0 mg,20.0,73491,51000
76,14100095064,About 9,1.3 oz,140.0,1.0 g,0.0 g,4 g,3 g,27 g,510.0 mg,10.0,14100,09506
78,83900005979,-,1.0 bottle,140.0,0.0 g,,0 g,35 g,36 g,40.0 mg,,83900,00597
79,80000505279,1,74.0 g,70.0,0.5 g,0.0 g,17 g,nan kg,0 g,140.0 mg,5.0,80000,50527
80,41390000027,about 20,1.0 tbsp,10.0,0.0 g,,2 g,,1 g,920.0 mg,,41390,00002
82,25000047725,7,8.0 fl oz,90.0,0.0 g,,0 g,25 g,25 g,15.0 mg,,25000,04772
83,48121117016,6,1.0 muffin,110.0,3.5 g,0.5 g,2 g,8 g,17 g,200.0 mg,,48121,11701
84,16000420403,28,40.0 g,150.0,3.0 g,1.0 g,3 g,2 g,28 g,380.0 mg,,16000,42040
85,43000204337,4,0.25 package,90.0,0.0 g,0.0 g,0 g,19 g,23 g,350.0 mg,0.0,43000,20433
86,43000204337,4,0.25 package,150.0,0.0 g,0.0 g,0 g,19 g,23 g,350.0 mg,20.0,43000,20433
88,22000159335,25,3.0 pieces,10.0,0.0 g,,0 g,2 g,2 g,0.0 mg,,22000,15933
89,70662060032,12,1.5 oz,190.0,7.0 g,3.5 g,5 g,Less than 1 g,26 g,910.0 mg,60.0,70662,06003
90,72945601345,22,1.0 slice,60.0,1.0 g,0.0 g,3 g,1 g,12 g,120.0 mg,,72945,60134
91,72945601345,22,1.0 slice,130.0,1.5 g,0.0 g,6 g,3 g,24 g,230.0 mg,,72945,60134
92,25000055447,7,8.0 fl oz,110.0,0.0 g,0.0 g,2 g,23 g,26 g,0.0 mg,0.0,25000,05544
93,38000599231,About 10,1.0 Cup,110.0,0.0 g,0.0 g,2 g,9 g,27 g,190.0 mg,0.0,38000,59923
94,38000599231,,,152.0,0.0 g,0.0 g,6 g,15 g,33 g,241.0 mg,0.0,38000,59923
95,41789006210,12,0.5 block of noodles with seasoning,190.0,7.0 g,3.5 g,4 g,1 g,26 g,830.0 mg,70.0,41789,00621
97,18000001828,8,58.0 g,160.0,6.0 g,2.5 g,3 g,4 g,26 g,470.0 mg,50.0,18000,00182
98,78000152463,About 6,12.0 fl oz,140.0,0.0 g,,0 g,35 g,36 g,50.0 mg,,78000,15246
99,21000123827,-,113.0 g,90.0,2.5 g,1.5 g,10 g,5 g,7 g,400.0 mg,20.0,21000,12382
100,15700209660,32,14.0 g,100.0,11.0 g,7.0 g,0 g,,0 g,90.0 mg,100.0,15700,20966
102,19600046202,1,1.0 pizza,380.0,19.0 g,9.0 g,10 g,3 g,41 g,800.0 mg,170.0,19600,04620
103,24300041204,6,2.0 Cookies,310.0,18.0 g,8.0 g,4 g,20 g,32 g,110.0 mg,160.0,24300,04120
104,51000078742,12,1.5 oz,160.0,10.0 g,5.0 g,3 g,1 g,16 g,140.0 mg,90.0,51000,07874
105,24300041020,6,1.0 Pastry,230.0,13.0 g,6.0 g,2 g,13 g,26 g,150.0 mg,120.0,24300,04102
106,18000003174,5,62.0 g,160.0,2.0 g,0.0 g,5 g,3 g,30 g,280.0 mg,20.0,18000,00317
107,24300041013,12,1.0 Cookie,170.0,7.0 g,3.0 g,1 g,12 g,26 g,150.0 mg,60.0,24300,04101
108,24300041068,6,1.0 Brownie,280.0,11.0 g,5.0 g,2 g,24 g,42 g,150.0 mg,100.0,24300,04106
110,18000003389,6,65.0 g,160.0,2.0 g,0.0 g,5 g,4 g,31 g,380.0 mg,15.0,18000,00338
111,38000596636,About 9,1.0 Cup,190.0,1.0 g,0.0 g,5 g,18 g,46 g,210.0 mg,10.0,38000,59663
112,38000596636,,,230.0,1.0 g,0.0 g,9 g,23 g,52 g,280.0 mg,10.0,38000,59663
113,16000194304,6,21.0 g,80.0,1.0 g,0.5 g,0 g,10 g,17 g,50.0 mg,10.0,16000,19430
114,18000004683,6,52.0 g,120.0,1.0 g,0.0 g,4 g,2 g,24 g,230.0 mg,10.0,18000,00468
116,15700450109,32,1.0 tbsp,100.0,11.0 g,7.0 g,0 g,nan kg,0 g,90.0 mg,100.0,15700,45010
117,13000798907,6,0.25 cup,20.0,0.5 g,0.0 g,1 g,0 g,3 g,350.0 mg,5.0,13000,79890
118,44700021323,about 8,2.0 skillet cooked slices,90.0,7.0 g,2.5 g,6 g,,0 g,370.0 mg,70.0,44700,02132
119,52100098609,4,6.0 g,25.0,0.5 g,nan kg,less than 1 g,nan kg,3 g,340.0 mg,5.0,52100,09860
120,44700019887,about 9,2.0 skillet cooked slices,90.0,7.0 g,2.5 g,7 g,nan kg,0 g,350.0 mg,60.0,44700,01988
121,38616387680,5,15.0 slices,130.0,13.0 g,5.0 g,6 g,less than 1 g,1 g,510.0 mg,110.0,38616,38768
122,44700066478,about 4,3.0 slices,80.0,5.0 g,2.0 g,7 g,nan kg,0 g,320.0 mg,50.0,44700,06647
123,44700092057,Usually 20,0.5 pickle half,5.0,0.0 g,,0 g,,<1 g,270.0 mg,,44700,09205
124,15100026256,6,1.5 cup,220.0,3.0 g,1.0 g,8 g,2 g,40 g,15.0 mg,30.0,15100,02625
125,12000809965,12,1.0 Can,170.0,0.0 g,,0 g,46 g,46 g,60.0 mg,,12000,80996
126,71673001113,13,2.0 slices,120.0,1.0 g,0.0 g,4 g,2 g,25 g,240.0 mg,10.0,71673,00111
127,49000050172,6,12.0 fl oz,0.0,0.0 g,,0 g,,0 g,35.0 mg,,49000,05017
129,14800000078,6,1.0 Container,50.0,0.0 g,0.0 g,0 g,11 g,13 g,0.0 mg,0.0,14800,00007
131,41148473721,,1.0 container,210.0,11.0 g,7.0 g,4 g,20 g,23 g,65.0 mg,100.0,41148,47372
132,77782002768,About 4.5,,170.0,13.0 g,4.5 g,10 g,1 g,2 g,490.0 mg,120.0,77782,00276
134,34000148301,23,1.0 tbsp,70.0,4.0 g,2.5 g,1 g,9 g,10 g,0.0 mg,35.0,34000,14830
135,71300000359,8,0.5 cup,200.0,1.0 g,0.0 g,7 g,1 g,42 g,0.0 mg,10.0,71300,00035
136,44000028299,5,1.0 pack,230.0,8.0 g,0.5 g,4 g,13 g,36 g,210.0 mg,70.0,44000,02829
137,44000028299,,12.5 g,60.0,2.0 g,0.0 g,<1 g,3 g,9 g,55.0 mg,20.0,44000,02829
139,70074559582,-,5.0 fl oz,100.0,5.6 g,,2.07 g,,10.71 g,24.0 mg,,70074,55958
140,21000023226,1,1.0 package,220.0,8.0 g,2.5 g,8 g,3 g,30 g,600.0 mg,70.0,21000,02322
141,78000152456,About 4,8.0 fl oz,90.0,0.0 g,nan kg,0 g,24 g,25 g,35.0 mg,,78000,15245
142,20735110577,12,0.5 cup,150.0,8.0 g,5.0 g,2 g,14 g,18 g,105.0 mg,70.0,20735,11057
145,76183163566,-,1.0 bottle,160.0,0.0 g,,0 g,39 g,40 g,10.0 mg,,76183,16356
146,49000054378,2.5,,0.0,0.0 g,nan kg,0 g,nan kg,less than 1 g,150.0 mg,,49000,05437
147,38000402609,5,2.0 waffles,190.0,7.0 g,2.0 g,4 g,2 g,27 g,360.0 mg,70.0,38000,40260
148,72322540304,6,1.0 link,160.0,9.0 g,2.5 g,16 g,1 g,2 g,640.0 mg,80.0,72322,54030
149,44700007440,8,1.0 link,120.0,9.0 g,2.5 g,6 g,1 g,3 g,480.0 mg,80.0,44700,00744
150,72030013534,5,1.0 pouch,190.0,9.0 g,2.0 g,2 g,17 g,27 g,150.0 mg,80.0,72030,01353
151,49000050714,2.5,12.0 fl oz,0.0,0.0 g,,0 g,,1 g,150.0 mg,,49000,05071
152,33400601355,8,0.5 cup,200.0,1.0 g,0.0 g,7 g,1 g,42 g,0.0 mg,10.0,33400,60135
153,44000032159,2.5,31.0 g,160.0,9.0 g,3.0 g,2 g,4 g,18 g,160.0 mg,80.0,44000,03215
154,44000032159,2.5,31.0 g,450.0,26.0 g,9.0 g,5 g,12 g,49 g,440.0 mg,230.0,44000,03215
155,31000101022,,1.0 Pie,380.0,23.0 g,9.0 g,8 g,4 g,36 g,710.0 mg,210.0,31000,10102
156,44000032029,about 12,3.0 cookies,160.0,7.0 g,2.0 g,1 g,14 g,25 g,135.0 mg,,44000,03202
157,76183643563,About 5,12.0 fl oz,120.0,0.0 g,,0 g,30 g,30 g,10.0 mg,,76183,64356
158,54800030804,2,1.0 cup,200.0,2.5 g,0.0 g,4 g,3 g,40 g,630.0 mg,25.0,54800,03080
159,75185000060,12,1.0 Roll,90.0,1.5 g,0.0 g,4 g,3 g,16 g,115.0 mg,15.0,75185,00006
160,44500341713,7,2.0 oz,170.0,15.0 g,5.0 g,7 g,less than 1 g,3 g,530.0 mg,140.0,44500,34171
161,43500600042,4,0.5 steak,90.0,2.0 g,1.0 g,14 g,2 g,3 g,1040.0 mg,20.0,43500,60004
163,70800041251,About 11,1.0 fried slice,60.0,5.0 g,2.0 g,3 g,0 g,0 g,220.0 mg,45.0,70800,04125
164,44000006747,9,27.0 g,120.0,5.0 g,3.0 g,1 g,12 g,18 g,40.0 mg,45.0,44000,00674
165,14500010988,about 4,1.0 cup,25.0,0.0 g,0.0 g,1 g,2 g,3 g,20.0 mg,0.0,14500,01098
168,18000817726,12,38.0 g,160.0,7.0 g,2.5 g,1 g,13 g,23 g,95.0 mg,60.0,18000,81772
169,51500006863,About 26,1.0 Tbsp,50.0,0.0 g,nan kg,0 g,12 g,13 g,0.0 mg,,51500,00686
170,70085060107,about 2,4.0 pieces,200.0,5.0 g,2.5 g,7 g,3 g,32 g,350.0 mg,45.0,70085,06010
171,72945612419,15,1.0 slice,110.0,1.5 g,0.0 g,3 g,2 g,20 g,190.0 mg,,72945,61241
172,49200056752,113,1.0 teaspoon,15.0,0.0 g,,0 g,4 g,4 g,0.0 mg,,49200,05675
173,78000148466,About 8,8.0 fl oz,0.0,0.0 g,nan kg,0 g,nan kg,0 g,80.0 mg,,78000,14846
174,49000055412,3.5,12.0 fl oz,0.0,0.0 g,,0 g,0 g,0 g,40.0 mg,,49000,05541
175,41208010606,About 2.5,3.0 slices,200.0,18.0 g,8.0 g,10 g,1 g,1 g,650.0 mg,150.0,41208,01060
176,41208010606,About 2.5,,70.0,6.0 g,3.0 g,3 g,0 g,0 g,220.0 mg,50.0,41208,01060
177,49000045840,6,1.0 Bottle,0.0,0.0 g,nan kg,0 g,0 g,0 g,60.0 mg,,49000,04584
178,21000653201,About 6,4.0 oz,360.0,12.0 g,3.5 g,13 g,4 g,49 g,880.0 mg,110.0,21000,65320
179,54100000606,15,1.0 oz,0.0,0.0 g,,0 g,,1 g,220.0 mg,,54100,00060
180,16000430549,10,43.0 g,160.0,1.5 g,1.0 g,1 g,19 g,35 g,310.0 mg,10.0,16000,43054
181,16000430549,10,43.0 g,280.0,1.5 g,1.0 g,1 g,19 g,35 g,310.0 mg,120.0,16000,43054
182,43000045749,4,1.0 snack,70.0,0.0 g,0.0 g,1 g,16 g,17 g,40.0 mg,,43000,04574
183,75199001336,6,1.0 roll,170.0,2.0 g,0.0 g,7 g,1 g,30 g,310.0 mg,,75199,00133
184,44500052985,About 7,6.0 Links,160.0,14.0 g,5.0 g,7 g,less than 1 g,2 g,550.0 mg,120.0,44500,05298
185,34500151504,32,1.0 tbsp,100.0,11.0 g,7.0 g,0 g,,0 g,0.0 mg,100.0,34500,15150
186,64144321605,about 68,1.0 tsp,5.0,0.0 g,0.0 g,0 g,,0 g,50.0 mg,0.0,64144,32160
187,46675013501,4,1.0 Container,80.0,1.0 g,0.5 g,3 g,13 g,16 g,50.0 mg,10.0,46675,01350
188,46675013501,,,120.0,2.5 g,1.0 g,4 g,16 g,21 g,80.0 mg,20.0,46675,01350
189,13000798303,6,0.25 c,20.0,0.5 g,0.0 g,less than 1 g,0 g,3 g,320.0 mg,5.0,13000,79830
190,49000018349,6,1.0 bottle,100.0,0.0 g,,0 g,26 g,26 g,30.0 mg,,49000,01834
191,46000288765,6,5.0 g,15.0,0.0 g,0.0 g,0 g,0 g,3 g,300.0 mg,,46000,28876
194,51500604410,10,0.1 package,160.0,2.0 g,1.0 g,2 g,18 g,35 g,350.0 mg,20.0,51500,60441
195,51500604410,10,0.1 package,270.0,2.0 g,1.0 g,2 g,18 g,35 g,350.0 mg,120.0,51500,60441
196,33400601737,8,0.75 cup,200.0,1.0 g,0.0 g,7 g,1 g,42 g,0.0 mg,10.0,33400,60173
197,75199001909,6,1.0 Roll,170.0,2.5 g,0.5 g,6 g,1 g,30 g,320.0 mg,,75199,00190
198,49000050288,6,12.0 fl oz,0.0,0.0 g,,0 g,,1 g,35.0 mg,,49000,05028
199,36200219317,about 5,0.5 cup,80.0,2.0 g,0.0 g,2 g,11 g,13 g,350.0 mg,20.0,36200,21931
200,16447100906,4,113.0 g,190.0,11.0 g,4.0 g,23 g,0 g,0 g,60.0 mg,100.0,16447,10090
201,38000311208,12,1.0 Pastry,210.0,7.0 g,2.0 g,2 g,15 g,35 g,170.0 mg,60.0,38000,31120
202,25000048210,7,240.0 ml,15.0,0.0 g,,0 g,2 g,4 g,15.0 mg,,25000,04821
203,25000054167,7,8.0 fl oz,110.0,0.0 g,0.0 g,2 g,23 g,26 g,0.0 mg,0.0,25000,05416
204,49000031652,24,1.0 bottle,0.0,0.0 g,,0 g,,0 g,0.0 mg,,49000,03165
205,86600000251,2,2.0 oz drained,60.0,1.0 g,0.0 g,13 g,0 g,0 g,140.0 mg,5.0,86600,00025
206,41331124201,3.5,0.5 c,90.0,0.5 g,0.0 g,7 g,less than 1 g,18 g,360.0 mg,5.0,41331,12420
207,33400601287,8,0.75 cup,200.0,1.0 g,0.0 g,7 g,1 g,42 g,0.0 mg,10.0,33400,60128
208,13120012518,about 1,1.0 Package,190.0,12.0 g,2.5 g,2 g,1 g,19 g,530.0 mg,110.0,13120,01251
209,25000026539,16,8.0 fl oz,90.0,0.0 g,,0 g,25 g,25 g,15.0 mg,,25000,02653
210,51500204412,73,0.25 cup,110.0,0.0 g,0.0 g,3 g,<1 g,23 g,0.0 mg,0.0,51500,20441
211,15665601004,4,1.0 oz,140.0,6.0 g,1.0 g,2 g,1 g,18 g,190.0 mg,50.0,15665,60100
212,49000045741,2.5,12.0 fl oz,80.0,0.0 g,,0 g,21 g,22 g,150.0 mg,,49000,04574
213,73410310250,about 14,0.66 Cup,90.0,1.0 g,0.0 g,3 g,1 g,17 g,360.0 mg,10.0,73410,31025
214,51500794807,14,28.0 g,100.0,1.0 g,0.0 g,2 g,11 g,22 g,160.0 mg,10.0,51500,79480
215,51500794807,14,28.0 g,150.0,1.0 g,0.0 g,2 g,11 g,22 g,160.0 mg,50.0,51500,79480
216,44000028596,about 15,2.0 cookies,140.0,7.0 g,2.0 g,Less than 1 g,13 g,20 g,85.0 mg,60.0,44000,02859
217,78000206463,About 6,12.0 fl oz,120.0,0.0 g,nan kg,0 g,32 g,33 g,60.0 mg,,78000,20646
218,75185000046,12,1.0 Roll,90.0,1.5 g,0.0 g,5 g,3 g,15 g,115.0 mg,15.0,75185,00004
219,39000008204,about 6,0.16 packet,20.0,0.0 g,nan kg,0 g,nan kg,4 g,430.0 mg,,39000,00820
220,16000277076,6,35.0 g,170.0,8.0 g,2.5 g,4 g,7 g,20 g,140.0 mg,80.0,16000,27707
221,16000277069,6,35.0 g,160.0,7.0 g,2.0 g,3 g,8 g,22 g,140.0 mg,60.0,16000,27706
222,15000012120,,1.0 jar,90.0,6.0 g,1.5 g,7 g,,2 g,40.0 mg,,15000,01212
223,72745068300,5,1.0 Filet,130.0,1.5 g,0.0 g,31 g,0 g,0 g,90.0 mg,10.0,72745,06830
224,25000055423,7,8.0 fl oz,110.0,0.0 g,0.0 g,2 g,23 g,26 g,0.0 mg,0.0,25000,05542
225,72030000183,8,1.0 Donut,250.0,15.0 g,10.0 g,2 g,16 g,30 g,180.0 mg,130.0,72030,00018
226,21000615315,about 45,2.0 tsp,20.0,1.5 g,1.0 g,2 g,0 g,0 g,75.0 mg,15.0,21000,61531
227,38000391187,About 12,1.0 Cup,110.0,1.0 g,0.5 g,2 g,10 g,25 g,150.0 mg,10.0,38000,39118
228,38000391187,About 12,1.0 Cup,150.0,1.0 g,0.5 g,2 g,10 g,25 g,150.0 mg,10.0,38000,39118
229,41164000222,3,4.0 Pieces,230.0,3.5 g,1.0 g,7 g,1 g,41 g,600.0 mg,35.0,41164,00022
230,71040021188,about 14,0.25 cup,110.0,8.0 g,5.0 g,7 g,2 g,2 g,65.0 mg,70.0,71040,02118
231,16000141551,-,1.0 Container,190.0,2.5 g,0.5 g,4 g,17 g,39 g,290.0 mg,20.0,16000,14155
232,16000264601,6,42.0 g,190.0,7.0 g,1.0 g,3 g,11 g,29 g,180.0 mg,60.0,16000,26460
233,78902411200,10,2.0 tbsp,60.0,3.5 g,0.0 g,2 g,0 g,5 g,110.0 mg,,78902,41120
234,38000001109,About 12,1.0 Cup,100.0,0.0 g,0.0 g,2 g,3 g,24 g,200.0 mg,0.0,38000,00110
235,38000001109,,,140.0,0.0 g,0.0 g,6 g,9 g,30 g,265.0 mg,0.0,38000,00110
236,18000001590,5,99.0 g,300.0,7.0 g,3.0 g,4 g,24 g,56 g,520.0 mg,60.0,18000,00159
237,44700360354,,1.0 package,360.0,19.0 g,3.5 g,6 g,4 g,41 g,850.0 mg,170.0,44700,36035
238,38000576003,About 8,1.0 Cup,150.0,1.5 g,0.0 g,3 g,12 g,33 g,220.0 mg,,38000,57600
239,38000576003,,,210.0,2.0 g,0.0 g,9 g,21 g,43 g,300.0 mg,,38000,57600
240,13000796309,6,0.25 cup,15.0,0.0 g,0.0 g,1 g,1 g,3 g,290.0 mg,0.0,13000,79630
241,41331021630,12,2.0 tbsp,140.0,5.0 g,5.0 g,0 g,20 g,22 g,15.0 mg,50.0,41331,02163
242,73040004055,9,2.0 slices,150.0,2.0 g,0.0 g,5 g,1 g,28 g,350.0 mg,,73040,00405
244,36632037534,-,1.0 container,80.0,0.0 g,0.0 g,12 g,7 g,9 g,50.0 mg,0.0,36632,03753
245,28400055970,13,2.0 tbsp,10.0,0.0 g,0.0 g,0 g,2 g,2 g,250.0 mg,0.0,28400,05597
246,44500341720,About 7,2.0 oz,90.0,5.0 g,1.5 g,8 g,less than 1 g,3 g,510.0 mg,45.0,44500,34172
247,72030000213,6,0.66 loaf,200.0,8.0 g,4.5 g,3 g,17 g,29 g,230.0 mg,70.0,72030,00021
249,18000002115,8,58.0 g,180.0,6.0 g,2.5 g,4 g,5 g,27 g,450.0 mg,60.0,18000,00211
250,44700066621,About 5,2.0 slices,60.0,4.0 g,1.5 g,6 g,nan kg,0 g,250.0 mg,40.0,44700,06662
251,49000004632,,1.0 bottle,150.0,0.0 g,,0 g,39 g,39 g,85.0 mg,,49000,00463
252,18000287949,16,25.0 g,100.0,6.0 g,2.5 g,<1 g,0 g,12 g,130.0 mg,50.0,18000,28794
253,43000206515,4,0.25 package,90.0,0.0 g,0.0 g,<1 g,15 g,22 g,105.0 mg,0.0,43000,20651
254,43000206515,4,0.25 package,160.0,0.0 g,0.0 g,<1 g,15 g,22 g,105.0 mg,25.0,43000,20651
255,38000318290,About 9,21.0 Biscuits,190.0,1.0 g,0.0 g,5 g,11 g,46 g,0.0 mg,10.0,38000,31829
256,38000318290,,,230.0,1.0 g,0.0 g,9 g,17 g,52 g,65.0 mg,10.0,38000,31829
257,49000024708,-,1.0 bottle,200.0,0.0 g,,0 g,54 g,54 g,90.0 mg,,49000,02470
259,11193131013,6,1.0 link,230.0,20.0 g,7.0 g,11 g,,1 g,540.0 mg,180.0,11193,13101
260,70085060121,about 2,4.0 pieces,210.0,6.0 g,2.5 g,7 g,4 g,33 g,410.0 mg,50.0,70085,06012
261,49000045239,2.5,355.0 ml,80.0,0.0 g,,0 g,20 g,21 g,150.0 mg,,49000,04523
262,41331024655,about 7,0.5 cup,90.0,0.5 g,0.0 g,7 g,1 g,19 g,460.0 mg,5.0,41331,02465
264,54400000054,about 17,1.0 Tbsp,15.0,0.0 g,,0 g,2 g,3 g,280.0 mg,,54400,00005
265,44700006740,,1.0 package,330.0,14.0 g,7.0 g,11 g,25 g,39 g,560.0 mg,130.0,44700,00674
269,33400601799,About 8,2.0 oz,200.0,1.0 g,0.0 g,7 g,1 g,42 g,0.0 mg,10.0,33400,60179
270,21000658930,3,4.0 oz,360.0,12.0 g,3.5 g,13 g,4 g,49 g,880.0 mg,110.0,21000,65893
271,29700001414,4,0.25 cup mix,110.0,2.5 g,2.0 g,2 g,2 g,20 g,440.0 mg,25.0,29700,00141
273,70796300035,About 13,0.25 cup,35.0,0.0 g,0.0 g,2 g,4 g,7 g,20.0 mg,0.0,70796,30003
274,21000005222,8,28.0 g,90.0,6.0 g,4.0 g,7 g,0 g,1 g,240.0 mg,50.0,21000,00522
275,54800031764,2,1.0 cup,200.0,2.5 g,0.0 g,4 g,0 g,40 g,10.0 mg,25.0,54800,03176
276,21000612475,8,1.0 oz,70.0,6.0 g,4.0 g,2 g,<1 g,<1 g,120.0 mg,60.0,21000,61247
277,14100070337,14,1.8 oz,130.0,2.0 g,0.5 g,4 g,4 g,25 g,210.0 mg,20.0,14100,07033
278,34500151368,32,1.0 tbsp,100.0,11.0 g,7.0 g,0 g,,0 g,90.0 mg,100.0,34500,15136
279,51500012291,26,1.0 tbsp,50.0,0.0 g,,0 g,12 g,13 g,0.0 mg,,51500,01229
280,37466015842,4,36.0 g,220.0,17.0 g,12.0 g,2 g,14 g,16 g,35.0 mg,150.0,37466,01584
281,78000146455,4,8.0 fl oz,0.0,0.0 g,,0 g,,0 g,0.0 mg,,78000,14645
283,24842011314,3,1.25 Cup,250.0,2.0 g,0.0 g,10 g,0 g,47 g,180.0 mg,20.0,24842,01131
284,33400612801,6,2.0 oz,210.0,2.5 g,0.5 g,8 g,2 g,38 g,5.0 mg,25.0,33400,61280
285,70470003238,1,170.0 g,150.0,2.0 g,1.0 g,6 g,19 g,26 g,105.0 mg,15.0,70470,00323
286,14100070832,14,1.7 oz,130.0,1.0 g,0.0 g,4 g,4 g,26 g,230.0 mg,10.0,14100,07083
287,49000055399,3.5,12.0 fl oz,0.0,0.0 g,,0 g,,0 g,40.0 mg,,49000,05539
289,16000141544,,1.0 Container,230.0,6.0 g,1.0 g,3 g,17 g,44 g,320.0 mg,50.0,16000,14154
290,31200016058,About 5 1/2,0.25 cup,110.0,0.0 g,0.0 g,0 g,24 g,28 g,10.0 mg,0.0,31200,01605
291,70470003078,1,170.0 g,150.0,2.0 g,1.0 g,6 g,19 g,26 g,105.0 mg,15.0,70470,00307
292,25000055430,7,8.0 fl oz,110.0,0.0 g,0.0 g,2 g,23 g,26 g,0.0 mg,0.0,25000,05543
293,44000002251,About 15,16.0 pieces,140.0,5.0 g,1.0 g,2 g,4 g,22 g,230.0 mg,45.0,44000,00225
296,48000002457,2,56.0 g,50.0,0.5 g,0.0 g,11 g,0 g,0 g,180.0 mg,5.0,48000,00245
297,28400564663,About 7,7.0 chips,130.0,5.0 g,0.0 g,3 g,5 g,20 g,120.0 mg,,28400,56466
298,21000615414,about 45,2.0 tsp,20.0,1.5 g,1.0 g,2 g,0 g,0 g,75.0 mg,15.0,21000,61541
299,48121277079,6,1.0 bagel,260.0,1.0 g,0.0 g,9 g,6 g,53 g,460.0 mg,10.0,48121,27707
300,70470006512,1,170.0 g,90.0,0.0 g,0.0 g,5 g,10 g,16 g,80.0 mg,0.0,70470,00651
301,41331027878,2,240.0 ml,80.0,0.5 g,0.0 g,0 g,15 g,20 g,90.0 mg,5.0,41331,02787
302,43000206911,6,,90.0,0.0 g,0.0 g,<1 g,15 g,22 g,105.0 mg,0.0,43000,20691
303,43000206911,6,,160.0,0.0 g,0.0 g,<1 g,15 g,22 g,105.0 mg,25.0,43000,20691
304,21000604654,16,1.0 slice,60.0,4.5 g,2.5 g,3 g,2 g,2 g,220.0 mg,40.0,21000,60465
306,13000001243,23,1.0 tbsp,20.0,0.0 g,0.0 g,0 g,4 g,5 g,160.0 mg,0.0,13000,00124
307,44700361146,,1.0 package,330.0,7.0 g,3.0 g,12 g,25 g,55 g,490.0 mg,60.0,44700,36114
308,48121102081,6,1.0 muffin,130.0,1.0 g,0.0 g,4 g,<1 g,25 g,210.0 mg,,48121,10208
309,14100085508,About 6,1.1 oz,,6.0 g,0.5 g,3 g,1 g,20 g,230.0 mg,55.0,14100,08550
310,44000030391,about 8,16.0 pieces,120.0,3.5 g,0.5 g,2 g,4 g,22 g,200.0 mg,,44000,03039
311,49000050110,6,12.0 fl oz,0.0,0.0 g,,0 g,,0 g,40.0 mg,,49000,05011
312,19600045809,1,1.0 pizza,340.0,15.0 g,7.0 g,8 g,4 g,42 g,630.0 mg,140.0,19600,04580
313,73491202000,6,1.0 Snack Cup,120.0,2.0 g,1.0 g,3 g,16 g,22 g,130.0 mg,15.0,73491,20200
315,14100085980,16,1.0 Slice,110.0,2.0 g,0.5 g,5 g,3 g,20 g,115.0 mg,20.0,14100,08598
316,70470137728,16,56.0 g,50.0,0.5 g,0.0 g,2 g,8 g,10 g,30.0 mg,5.0,70470,13772
317,41129010037,8,2.0 oz,210.0,1.0 g,0.0 g,7 g,2 g,42 g,0.0 mg,10.0,41129,01003
319,38000391200,About 16,1.0 Cup,110.0,1.0 g,0.5 g,2 g,10 g,25 g,150.0 mg,10.0,38000,39120
320,38000391200,,,152.0,1.0 g,0.5 g,6 g,16 g,31 g,201.0 mg,10.0,38000,39120
321,38000596551,About 14,0.75 Cup,110.0,0.0 g,0.0 g,1 g,10 g,26 g,150.0 mg,0.0,38000,59655
322,38000596551,About 14,0.75 Cup,150.0,0.0 g,0.0 g,1 g,10 g,26 g,150.0 mg,0.0,38000,59655
323,70470486055,1,150.0 g,100.0,0.0 g,0.0 g,15 g,7 g,10 g,75.0 mg,0.0,70470,48605
324,70470476391,1,150.0 g,100.0,0.0 g,0.0 g,14 g,7 g,11 g,55.0 mg,0.0,70470,47639
325,49000005943,-,1.0 bottle,0.0,0.0 g,,0 g,,0 g,40.0 mg,,49000,00594
327,70470455785,1,150.0 g,100.0,0.0 g,0.0 g,14 g,7 g,11 g,75.0 mg,0.0,70470,45578
328,70470435794,1,150.0 g,100.0,0.0 g,0.0 g,14 g,7 g,11 g,55.0 mg,0.0,70470,43579
329,16000197268,20,26.0 g,100.0,1.0 g,0.5 g,<1 g,15 g,22 g,80.0 mg,10.0,16000,19726
330,16000197268,20,26.0 g,160.0,1.0 g,0.5 g,<1 g,15 g,22 g,80.0 mg,60.0,16000,19726
331,44700360019,,1.0 package,330.0,16.0 g,7.0 g,10 g,17 g,37 g,580.0 mg,140.0,44700,36001
333,70470433295,1,150.0 g,100.0,0.0 g,0.0 g,15 g,7 g,10 g,60.0 mg,0.0,70470,43329
335,28400564632,About 7,10.0 chips,130.0,5.0 g,0.0 g,3 g,less than 1 g,19 g,270.0 mg,,28400,56463
336,41196010220,2,241.0 g,150.0,2.0 g,0.0 g,9 g,1 g,29 g,730.0 mg,20.0,41196,01022
337,41331124355,3.5,125.0 g,90.0,0.5 g,0.0 g,7 g,2 g,18 g,380.0 mg,5.0,41331,12435
339,33400612825,About 6,2.0 oz,210.0,2.5 g,0.5 g,8 g,2 g,38 g,5.0 mg,25.0,33400,61282
340,16000277007,6,21.0 g,80.0,1.0 g,0.5 g,0 g,10 g,17 g,50.0 mg,10.0,16000,27700
342,47800330111,3.5,131.0 g,160.0,1.0 g,0.0 g,7 g,9 g,31 g,390.0 mg,10.0,47800,33011
343,48121216573,10,1.0 bagel,120.0,0.5 g,0.0 g,4 g,3 g,24 g,220.0 mg,5.0,48121,21657
344,14100085997,16,1.0 slice,110.0,2.0 g,0.5 g,5 g,3 g,20 g,105.0 mg,15.0,14100,08599
345,21000026494,60,1.0 Tbsp,50.0,5.0 g,1.0 g,0 g,1 g,2 g,105.0 mg,45.0,21000,02649
346,41331024761,14,0.25 c,70.0,0.0 g,0.0 g,8 g,0 g,19 g,5.0 mg,0.0,41331,02476
347,72030013428,5,1.0 pouch,240.0,12.0 g,3.5 g,3 g,23 g,31 g,140.0 mg,110.0,72030,01342
348,86600009254,2,2.0 oz drained,60.0,0.0 g,0.0 g,13 g,0 g,0 g,140.0 mg,5.0,86600,00925
349,80000495242,1,74.0 g,70.0,0.5 g,0.0 g,17 g,nan kg,0 g,300.0 mg,5.0,80000,49524
350,73731004159,10,1.0 tortilla,140.0,3.0 g,1.0 g,4 g,1 g,26 g,400.0 mg,25.0,73731,00415
351,47500004459,5,18.0 slices,140.0,13.0 g,4.0 g,7 g,0 g,0 g,510.0 mg,120.0,47500,00445
353,49200051009,15,0.25 Cup,120.0,0.0 g,,0 g,29 g,30 g,0.0 mg,,49200,05100
354,41800715008,About 3,8.0 fl. oz.,160.0,0.0 g,nan kg,0 g,38 g,39 g,45.0 mg,,41800,71500
355,20169222334,about 7,0.5 cup,70.0,0.0 g,0.0 g,1 g,0 g,16 g,55.0 mg,0.0,20169,22233
356,14800000238,6,1.0 Container,100.0,0.0 g,0.0 g,0 g,24 g,25 g,0.0 mg,0.0,14800,00023
357,18000002108,8,58.0 g,180.0,6.0 g,2.5 g,4 g,5 g,27 g,450.0 mg,60.0,18000,00210
358,28400096324,18,10.0 chips,130.0,5.0 g,0.0 g,3 g,less than 1 g,19 g,270.0 mg,,28400,09632
359,21000615261,24,1.0 slice,60.0,4.0 g,2.5 g,3 g,1 g,2 g,200.0 mg,35.0,21000,61526
360,11233087119,1,1.0 pie,380.0,20.0 g,9.0 g,4 g,17 g,50 g,330.0 mg,180.0,11233,08711
361,16000189102,10,14.0 g,50.0,1.0 g,0.5 g,0 g,7 g,11 g,50.0 mg,5.0,16000,18910
362,24000162865,About 3.5,121.0 g,20.0,0.0 g,0.0 g,1 g,1 g,3 g,380.0 mg,,24000,16286
363,24000162865,,,15.0,0.0 g,0.0 g,1 g,1 g,2 g,200.0 mg,,24000,16286
364,31000307448,about 3.5,3.0 links,180.0,16.0 g,5.0 g,7 g,less than 1 g,2 g,410.0 mg,150.0,31000,30744
365,16000106109,75,30.0 g,100.0,0.0 g,0.0 g,3 g,1 g,22 g,0.0 mg,0.0,16000,10610
367,41740000035,34,1.0 tsp,0.0,0.0 g,,0 g,0 g,0 g,30.0 mg,,41740,00003
368,16000275683,ABOUT 17,27.0 g,100.0,1.5 g,0.0 g,1 g,9 g,23 g,100.0 mg,15.0,16000,27568
369,16000275683,ABOUT 17,27.0 g,150.0,1.5 g,0.0 g,1 g,9 g,23 g,100.0 mg,15.0,16000,27568
371,76301845046,1,2.0 ml,90.0,0.0 g,nan kg,0 g,18 g,21 g,5.0 mg,0.0,76301,84504
372,83900005757,-,1.0 bottle,190.0,0.0 g,,0 g,48 g,48 g,50.0 mg,,83900,00575
373,70847811268,1,8.0 fl. oz.,15.0,0.0 g,nan kg,0 g,3 g,3 g,190.0 mg,,70847,81126
374,70847811268,2,8.0 fl. oz.,25.0,0.0 g,nan kg,0 g,7 g,7 g,380.0 mg,,70847,81126
375,41196914016,2,246.0 g,100.0,2.0 g,0.5 g,7 g,2 g,14 g,690.0 mg,20.0,41196,91401
376,54800030774,2,1.0 cup,190.0,2.0 g,0.0 g,5 g,1 g,39 g,590.0 mg,20.0,54800,03077
377,46000295497,11,66.0 g,170.0,4.5 g,2.0 g,3 g,2 g,28 g,700.0 mg,,46000,29549
378,46000295497,11,66.0 g,300.0,13.0 g,5.0 g,17 g,2 g,28 g,750.0 mg,,46000,29549
379,72030002378,8,0.125 danish,210.0,10.0 g,4.0 g,2 g,14 g,27 g,160.0 mg,90.0,72030,00237
380,46000287324,5,71.0 g,180.0,5.0 g,2.0 g,4 g,2 g,30 g,750.0 mg,,46000,28732
381,46000287324,5,71.0 g,330.0,15.0 g,6.0 g,20 g,2 g,30 g,810.0 mg,,46000,28732
382,72180639837,5,0.2 pizza,370.0,14.0 g,7.0 g,16 g,9 g,48 g,890.0 mg,,72180,63983
383,41789001253,1,1.0 container,290.0,12.0 g,6.0 g,7 g,2 g,39 g,1120.0 mg,110.0,41789,00125
384,78000214161,12,1.0 Can,0.0,0.0 g,nan kg,0 g,0 g,0 g,0.0 mg,,78000,21416
385,16000457010,6,25.0 g,90.0,3.0 g,1.5 g,<1 g,8 g,18 g,85.0 mg,25.0,16000,45701
386,76183643570,About 5,12.0 fl oz,5.0,0.0 g,,0 g,,0 g,10.0 mg,,76183,64357
387,71040065045,12,1.0 stick,80.0,6.0 g,3.5 g,7 g,0 g,0 g,190.0 mg,50.0,71040,06504
388,20000001104,About 2.5,0.6 cup,90.0,2.0 g,1.0 g,2 g,6 g,15 g,310.0 mg,20.0,20000,00110
390,16000423718,6,25.0 g,90.0,3.0 g,1.5 g,1 g,7 g,18 g,80.0 mg,25.0,16000,42371
391,13000001137,6,60.0 g,70.0,0.0 g,0.0 g,1 g,12 g,18 g,590.0 mg,0.0,13000,00113
392,44100101076,16,4.0 fl. oz.,180.0,9.0 g,5.0 g,4 g,21 g,22 g,95.0 mg,80.0,44100,10107
393,44700024553,,1.0 package,260.0,13.0 g,7.0 g,12 g,5 g,22 g,670.0 mg,120.0,44700,02455
394,16000141599,-,1.0 container,130.0,2.5 g,0.5 g,4 g,2 g,26 g,180.0 mg,20.0,16000,14159
395,52100090306,4,6.0 g,20.0,0.5 g,,0 g,1 g,4 g,370.0 mg,5.0,52100,09030
396,16000306509,18,28.0 g,110.0,3.0 g,1.5 g,1 g,14 g,21 g,105.0 mg,25.0,16000,30650
397,16000306509,18,28.0 g,160.0,8.0 g,5.0 g,1 g,14 g,21 g,140.0 mg,80.0,16000,30650
398,33400601195,8,2.0 oz,200.0,1.0 g,0.0 g,7 g,1 g,42 g,0.0 mg,10.0,33400,60119
399,51000075468,About 6,1.8 oz,180.0,8.0 g,3.0 g,4 g,1 g,21 g,270.0 mg,80.0,51000,07546
401,49000050127,6,12.0 fl oz,140.0,0.0 g,,0 g,39 g,39 g,45.0 mg,,49000,05012
402,31000184643,4,2.0 patties,150.0,13.0 g,4.5 g,6 g,<1 g,1 g,350.0 mg,120.0,31000,18464
404,49000024685,-,1.0 bottle,200.0,0.0 g,,0 g,55 g,55 g,65.0 mg,,49000,02468
405,49000045734,2.5,12.0 fl oz,80.0,0.0 g,,0 g,21 g,22 g,150.0 mg,,49000,04573
406,36632032737,4,1.0 Cup,130.0,0.0 g,0.0 g,18 g,11 g,13 g,70.0 mg,0.0,36632,03273
407,73410013755,16,1.0 slice,110.0,1.5 g,0.0 g,4 g,3 g,22 g,160.0 mg,,73410,01375
408,73410013755,16,1.0 slice,220.0,3.0 g,1.0 g,8 g,6 g,43 g,320.0 mg,,73410,01375
409,80000006745,2,56.0 g,80.0,4.5 g,1.0 g,10 g,,0.5 g,170.0 mg,40.0,80000,00674
410,34500194105,32,1.0 tbsp,50.0,6.0 g,3.5 g,0 g,,0 g,50.0 mg,50.0,34500,19410
411,71300000762,8,0.75 cup,200.0,1.0 g,0.0 g,7 g,1 g,42 g,0.0 mg,10.0,71300,00076
412,28400011099,12,1.0 package,100.0,6.0 g,1.5 g,2 g,1 g,8 g,150.0 mg,,28400,01109
415,38000001208,About 18,1.0 Cup,100.0,0.0 g,0.0 g,2 g,3 g,24 g,200.0 mg,0.0,38000,00120
416,38000001208,,,140.0,0.0 g,0.0 g,6 g,9 g,30 g,265.0 mg,0.0,38000,00120
418,49000014631,20,1.0 can,140.0,0.0 g,,0 g,39 g,39 g,45.0 mg,,49000,01463
419,52100091501,4,9.0 g,30.0,1.0 g,nan kg,less than 1 g,less than 1 g,5 g,350.0 mg,10.0,52100,09150
420,33776011710,About 33,1.0 tbsp,80.0,9.0 g,2.5 g,0 g,nan kg,0 g,100.0 mg,80.0,33776,01171
421,13000798501,6,0.25 c,20.0,0.5 g,0.0 g,1 g,0 g,2 g,340.0 mg,5.0,13000,79850
422,72030002255,9,54.0 g,250.0,11.0 g,3.5 g,3 g,13 g,33 g,180.0 mg,100.0,72030,00225
423,49000028904,12,1.0 Can,140.0,0.0 g,nan kg,0 g,39 g,39 g,45.0 mg,,49000,02890
424,36632011039,-,1.0 container,170.0,3.0 g,1.0 g,11 g,20 g,25 g,80.0 mg,25.0,36632,01103
425,16000159105,6,26.0 g,90.0,1.5 g,0.5 g,0 g,12 g,21 g,45.0 mg,10.0,16000,15910
426,44700006771,,1.0 package,330.0,15.0 g,7.0 g,11 g,18 g,39 g,620.0 mg,130.0,44700,00677
427,33400601768,8,0.75 cup,200.0,1.0 g,0.0 g,7 g,1 g,42 g,0.0 mg,10.0,33400,60176
428,36200004401,5,0.5 cup,90.0,2.0 g,0.0 g,2 g,12 g,16 g,460.0 mg,20.0,36200,00440
429,44500341225,7,2.0 oz.,170.0,15.0 g,5.0 g,7 g,less than 1 g,3 g,530.0 mg,140.0,44500,34122
430,23000351453,About 14,1.0 oz,5.0,0.0 g,0.0 g,0 g,0 g,1 g,160.0 mg,0.0,23000,35145
431,21000055173,about 8,0.25 cup,110.0,9.0 g,6.0 g,6 g,0 g,1 g,170.0 mg,90.0,21000,05517
432,14100071112,16,1.0 oz,80.0,1.5 g,0.0 g,3 g,6 g,15 g,115.0 mg,15.0,14100,07111
433,70470433325,1,150.0 g,100.0,0.0 g,0.0 g,14 g,7 g,11 g,55.0 mg,0.0,70470,43332
434,14100071617,8,,150.0,2.0 g,0.5 g,6 g,4 g,26 g,220.0 mg,20.0,14100,07161
435,43301305191,9,3.0 oz,100.0,3.0 g,1.0 g,2 g,0.5 g,17 g,20.0 mg,30.0,43301,30519
436,43000042090,4,1.0 snack,110.0,1.5 g,1.5 g,2 g,18 g,24 g,190.0 mg,15.0,43000,04209
437,14100071877,8,,140.0,2.0 g,0.5 g,6 g,4 g,26 g,210.0 mg,15.0,14100,07187
438,70328005230,283,0.6 g,0.0,0.0 g,,0 g,,0 g,140.0 mg,,70328,00523
439,44000032197,11,33.0 g,160.0,8.0 g,2.5 g,1 g,11 g,22 g,110.0 mg,70.0,44000,03219
440,41262284432,About 9,1.0 oz,150.0,8.0 g,2.0 g,2 g,2 g,17 g,320.0 mg,70.0,41262,28443
441,48000033550,2,56.0 g,50.0,1.0 g,0.0 g,11 g,0 g,0 g,140.0 mg,10.0,48000,03355
442,72945705449,10,2.0 slices,130.0,1.5 g,0.0 g,5 g,2 g,26 g,250.0 mg,,72945,70544
443,72945705449,10,2.0 slices,70.0,1.0 g,0.0 g,3 g,1 g,13 g,125.0 mg,,72945,70544
444,20735110577,12,0.5 cup,160.0,8.0 g,6.0 g,2 g,14 g,19 g,55.0 mg,70.0,20735,11057
445,73731004197,8,1.0 tortilla,210.0,4.0 g,1.5 g,5 g,2 g,37 g,570.0 mg,40.0,73731,00419
446,73410003053,16,1.0 slice,120.0,2.0 g,0.0 g,3 g,2 g,22 g,160.0 mg,,73410,00305
447,38900001438,5,2.0 slices,60.0,0.0 g,0.0 g,less than 1 g,14 g,15 g,0.0 mg,0.0,38900,00143
448,44700092408,Usually 14,1.0 oz,5.0,0.0 g,nan kg,0 g,nan kg,<1 g,280.0 mg,,44700,09240
449,48121276201,6,1.0 muffin,100.0,1.0 g,0.0 g,5 g,less than 1 g,25 g,170.0 mg,10.0,48121,27620
450,38000317200,12,1.0 pastry,200.0,5.0 g,1.5 g,2 g,16 g,38 g,170.0 mg,45.0,38000,31720
451,29700001452,4,0.25 cup mix,110.0,2.5 g,1.5 g,2 g,2 g,20 g,570.0 mg,20.0,29700,00145
452,38000391255,About 8,1.0 cup,110.0,1.0 g,0.5 g,2 g,10 g,25 g,150.0 mg,10.0,38000,39125
453,38000391255,About 8,1.0 cup,150.0,1.0 g,0.5 g,2 g,10 g,25 g,150.0 mg,10.0,38000,39125
454,24100106851,About 11,27.0 Crackers,150.0,8.0 g,2.0 g,3 g,0 g,17 g,230.0 mg,70.0,24100,10685
455,30100506560,About 18,8.0 Crackers,70.0,2.0 g,0.0 g,1 g,less than 1 g,11 g,140.0 mg,20.0,30100,50656
456,80000006738,2,56.0 g,45.0,0.5 g,0.0 g,10 g,nan kg,0 g,180.0 mg,5.0,80000,00673
458,78000153453,About 4,8.0 fl oz,90.0,0.0 g,nan kg,0 g,23 g,24 g,35.0 mg,,78000,15345
459,78000082395,About 3.5,12.0 fl oz,150.0,0.0 g,,0 g,40 g,40 g,55.0 mg,,78000,08239
464,40000000327,-,1.0 pack,250.0,13.0 g,5.0 g,5 g,25 g,30 g,25.0 mg,120.0,40000,00032
465,34000146000,22,1.0 tbsp,70.0,4.5 g,2.5 g,1 g,8 g,9 g,10.0 mg,35.0,34000,14600
466,41331049429,3,30.0 g,130.0,3.0 g,1.5 g,2 g,6 g,24 g,105.0 mg,25.0,41331,04942
467,33400601089,8,2.0 oz,200.0,1.0 g,0.0 g,7 g,1 g,42 g,0.0 mg,10.0,33400,60108
468,43000955314,8,0.125 package,0.0,0.0 g,,0 g,,0 g,10.0 mg,,43000,95531
469,29000073258,about 16,1.0 oz,160.0,14.0 g,2.0 g,7 g,1 g,5 g,150.0 mg,120.0,29000,07325
470,39000018920,14,1.0 tbsp,10.0,0.0 g,,0 g,1 g,2 g,110.0 mg,,39000,01892
471,28300004054,1,12.0 fl oz,190.0,4.5 g,2.5 g,30 g,6 g,12 g,300.0 mg,40.0,28300,00405
472,13130006125,24,33.0 g,110.0,0.0 g,0.0 g,4 g,1 g,24 g,100.0 mg,0.0,13130,00612
473,13130006125,24,33.0 g,220.0,0.0 g,0.0 g,4 g,1 g,24 g,4.0 mg,0.0,13130,00612
474,36200219294,About 7,0.25 cup,110.0,10.0 g,5.0 g,2 g,<1 g,2 g,410.0 mg,90.0,36200,21929
475,71330601496,19,1.0 slice,90.0,1.0 g,0.0 g,4 g,2 g,17 g,170.0 mg,,71330,60149
476,48500018309,11,8.0 fl oz,110.0,0.0 g,0.0 g,2 g,22 g,26 g,0.0 mg,0.0,48500,01830
477,13900500518,14,0.33 cup,100.0,1.0 g,0.0 g,3 g,2 g,21 g,530.0 mg,10.0,13900,50051
478,73406627508,16,3.0 cookies,120.0,3.0 g,2.0 g,1 g,10 g,22 g,120.0 mg,30.0,73406,62750
480,79606010256,1,1.0 burrito,330.0,15.0 g,5.0 g,9 g,1 g,39 g,550.0 mg,140.0,79606,01025
481,44000032234,12,31.0 g,140.0,6.0 g,3.0 g,1 g,12 g,21 g,95.0 mg,60.0,44000,03223
482,73410013557,16,1.0 slice,120.0,2.5 g,0.0 g,4 g,3 g,21 g,150.0 mg,,73410,01355
483,73410013557,,,240.0,5.0 g,1.0 g,8 g,7 g,43 g,300.0 mg,,73410,01355
484,73410135464,8,1.0 roll,100.0,1.0 g,0.0 g,5 g,2 g,22 g,170.0 mg,,73410,13546
485,28400083591,9,1.0 oz,160.0,10.0 g,2.0 g,3 g,2 g,14 g,290.0 mg,90.0,28400,08359
486,78000003864,6,1.0 bottle,210.0,0.0 g,nan kg,0 g,54 g,56 g,85.0 mg,,78000,00386
487,71673021203,18,35.0 g,90.0,1.0 g,0.0 g,3 g,3 g,18 g,160.0 mg,10.0,71673,02120
488,72979004167,12,1.0 can,130.0,0.0 g,,0 g,33 g,33 g,40.0 mg,,72979,00416
489,16000275119,12,27.0 g,100.0,1.5 g,0.0 g,1 g,9 g,23 g,100.0 mg,15.0,16000,27511
490,16000275119,12,27.0 g,150.0,1.5 g,0.0 g,6 g,15 g,29 g,150.0 mg,15.0,16000,27511
491,49000045758,2.5,355.0 ml,80.0,0.0 g,,0 g,20 g,21 g,150.0 mg,,49000,04575
492,44000017774,About 21,17.0 crackers,70.0,2.0 g,0.0 g,1 g,0 g,11 g,140.0 mg,20.0,44000,01777
493,20735110577,12,0.5 cup,170.0,10.0 g,4.5 g,2 g,15 g,21 g,95.0 mg,90.0,20735,11057
494,48121292089,6,1.0 bagel,270.0,1.0 g,0.0 g,9 g,11 g,55 g,400.0 mg,10.0,48121,29208
495,37600223188,2,1.0 cup,260.0,7.0 g,2.5 g,17 g,5 g,31 g,990.0 mg,60.0,37600,22318
496,16000275324,9,31.0 g,120.0,1.5 g,0.0 g,1 g,10 g,27 g,150.0 mg,10.0,16000,27532
497,16000275324,9,31.0 g,160.0,1.5 g,0.0 g,6 g,16 g,33 g,210.0 mg,15.0,16000,27532
498,25000047862,7,8.0 fl oz,110.0,0.0 g,,2 g,24 g,27 g,15.0 mg,,25000,04786
499,16000275652,16,27.0 g,100.0,0.5 g,0.0 g,2 g,4 g,23 g,180.0 mg,5.0,16000,27565
500,16000275652,16,27.0 g,140.0,0.5 g,0.0 g,6 g,10 g,29 g,240.0 mg,5.0,16000,27565
501,18000004010,8,28.0 g,100.0,5.0 g,2.0 g,2 g,3 g,12 g,210.0 mg,45.0,18000,00401
502,44700024119,,1.0 package,270.0,9.0 g,4.5 g,29 g,5 g,31 g,620.0 mg,80.0,44700,02411
503,16000434738,15,31.0 g,130.0,3.0 g,0.5 g,1 g,9 g,25 g,180.0 mg,30.0,16000,43473
504,16000434738,15,31.0 g,170.0,3.0 g,0.5 g,5 g,15 g,31 g,240.0 mg,30.0,16000,43473
505,41196010886,2,242.0 g,110.0,3.0 g,1.0 g,7 g,1 g,13 g,690.0 mg,25.0,41196,01088
506,39000008907,14,1.0 tbsp,10.0,0.0 g,,0 g,1 g,2 g,115.0 mg,,39000,00890
507,16000457232,5,40.0 g,190.0,12.0 g,3.5 g,10 g,6 g,14 g,180.0 mg,110.0,16000,45723
508,33400612832,About 6,2.0 oz,210.0,2.5 g,0.5 g,8 g,2 g,38 g,5.0 mg,25.0,33400,61283
509,46000288758,6,5.0 g,15.0,0.0 g,0.0 g,0 g,0 g,3 g,390.0 mg,0.0,46000,28875
510,46000811017,4,32.0 g,150.0,8.0 g,3.0 g,2 g,0 g,19 g,130.0 mg,,46000,81101
511,70575040091,6,1.0 Patty,190.0,14.0 g,5.0 g,10 g,1 g,8 g,720.0 mg,120.0,70575,04009
512,39000010214,4,2.0 tbsp,5.0,0.0 g,,0 g,,1 g,95.0 mg,,39000,01021
513,14100070092,14,1.1 oz,80.0,1.0 g,0.0 g,3 g,1 g,14 g,200.0 mg,10.0,14100,07009
514,18000004201,8,28.0 g,90.0,3.0 g,1.0 g,2 g,3 g,13 g,220.0 mg,25.0,18000,00420
515,33776011000,30,1.0 tbsp,80.0,9.0 g,2.5 g,0 g,,0 g,90.0 mg,80.0,33776,01100
516,44700019900,about 12,1.0 skillet cooked slice,70.0,5.0 g,2.0 g,5 g,nan kg,0 g,260.0 mg,45.0,44700,01990
517,44700019917,about 9,2.0 skillet cooked slices,100.0,8.0 g,3.0 g,6 g,,0 g,240.0 mg,70.0,44700,01991
518,41789002311,24,0.5 block,190.0,7.0 g,3.5 g,4 g,1 g,26 g,830.0 mg,70.0,41789,00231
519,21131504755,,1.0 Meal,480.0,20.0 g,9.0 g,32 g,3 g,44 g,930.0 mg,180.0,21131,50475
522,21000602698,24,1.0 slice,70.0,6.0 g,3.5 g,3 g,0 g,1 g,300.0 mg,50.0,21000,60269
523,16000275034,12,29.0 g,120.0,3.0 g,0.5 g,2 g,9 g,22 g,160.0 mg,30.0,16000,27503
524,16000275034,12,29.0 g,160.0,3.5 g,0.5 g,6 g,15 g,28 g,220.0 mg,30.0,16000,27503
525,21000604647,16,1.0 slice,60.0,4.5 g,2.5 g,4 g,2 g,2 g,220.0 mg,40.0,21000,60464
527,22655303015,about 24,1.0 slice,25.0,2.0 g,0.5 g,2 g,0 g,0 g,135.0 mg,15.0,22655,30301
528,70272232041,74,2.0 tbsp,15.0,1.0 g,0.5 g,0 g,1 g,1 g,0.0 mg,10.0,70272,23204
529,49000050103,6,12.0 fl oz,140.0,0.0 g,,0 g,39 g,39 g,45.0 mg,,49000,05010
530,78913186067,10,0.1 crust,130.0,6.0 g,4.0 g,1 g,7 g,17 g,140.0 mg,50.0,78913,18606
531,18000007240,16,29.0 g,120.0,5.0 g,2.0 g,1 g,11 g,18 g,95.0 mg,50.0,18000,00724
532,73410135471,8,1.0 roll,100.0,1.0 g,0.0 g,4 g,1 g,23 g,180.0 mg,,73410,13547
533,36200219324,5,0.5 cup,80.0,2.0 g,0.0 g,3 g,13 g,14 g,400.0 mg,20.0,36200,21932
535,21000615278,24,1.0 slice,60.0,4.0 g,2.5 g,3 g,2 g,2 g,200.0 mg,35.0,21000,61527
536,13000798204,6,0.25 cup,30.0,2.0 g,1.0 g,0 g,0 g,3 g,220.0 mg,15.0,13000,79820
537,24000041061,5,2.0 tbsp,30.0,0.0 g,0.0 g,1 g,4 g,6 g,20.0 mg,0.0,24000,04106
538,70200010659,20,2.0 tbsp,35.0,2.0 g,0.0 g,1 g,0 g,4 g,85.0 mg,15.0,70200,01065
539,70847811169,1,8.0 fl. oz.,110.0,0.0 g,nan kg,0 g,27 g,27 g,180.0 mg,,70847,81116
540,70847811169,2,8.0 fl. oz.,210.0,0.0 g,nan kg,0 g,54 g,54 g,370.0 mg,,70847,81116
541,44000032111,3.5,30.0 g,150.0,7.0 g,2.5 g,1 g,9 g,20 g,110.0 mg,60.0,44000,03211
542,44000032111,3.5,30.0 g,500.0,24.0 g,8.0 g,5 g,30 g,67 g,360.0 mg,210.0,44000,03211
543,51500795903,12,0.0833 package,120.0,1.0 g,0.0 g,2 g,15 g,28 g,200.0 mg,10.0,51500,79590
544,51500795903,12,0.0833 package,160.0,1.0 g,0.0 g,2 g,15 g,28 g,200.0 mg,40.0,51500,79590
545,49000050141,About 6,12.0 fl oz,0.0,0.0 g,,0 g,0 g,0 g,40.0 mg,,49000,05014
546,37600241939,About 2,1.0 cup,250.0,12.0 g,4.0 g,15 g,3 g,19 g,990.0 mg,100.0,37600,24193
547,49200045701,454,1.0 teaspoon,15.0,0.0 g,,0 g,4 g,4 g,0.0 mg,,49200,04570
548,87684001073,10,1.0 Pouch,50.0,0.0 g,0.0 g,0 g,13 g,14 g,15.0 mg,0.0,87684,00107
549,25800023202,1,1.0 package,210.0,3.5 g,1.5 g,22 g,2 g,22 g,690.0 mg,30.0,25800,02320
550,46000287348,3,66.0 g,170.0,4.5 g,2.0 g,3 g,2 g,28 g,700.0 mg,,46000,28734
551,46000287348,3,66.0 g,300.0,4.5 g,2.0 g,3 g,2 g,28 g,700.0 mg,,46000,28734
552,46000287348,3,42.0 g,120.0,5.0 g,2.0 g,2 g,1 g,17 g,440.0 mg,,46000,28734
553,46000287348,3,42.0 g,250.0,5.0 g,2.0 g,2 g,1 g,17 g,440.0 mg,,46000,28734
556,27300100179,2,0.5 cup,160.0,11.0 g,4.5 g,6 g,2 g,9 g,580.0 mg,100.0,27300,10017
557,16000275348,12,27.0 g,110.0,1.0 g,0.0 g,2 g,10 g,22 g,170.0 mg,10.0,16000,27534
558,16000275348,12,27.0 g,150.0,1.0 g,0.0 g,6 g,16 g,28 g,240.0 mg,10.0,16000,27534
559,36632026019,4,1.0 container,90.0,1.5 g,1.0 g,4 g,13 g,16 g,55.0 mg,15.0,36632,02601
560,72350000016,10,1.0 Box,100.0,1.0 g,0.0 g,1 g,19 g,22 g,150.0 mg,5.0,72350,00001
561,78000009767,,1.0 Can,80.0,0.0 g,nan kg,0 g,20 g,21 g,40.0 mg,,78000,00976
562,72251001051,3,2.0 oz,190.0,0.5 g,0.0 g,4 g,0 g,43 g,780.0 mg,0.0,72251,00105
563,72251001051,3,2.0 oz,220.0,0.5 g,0.0 g,4 g,0 g,43 g,780.0 mg,30.0,72251,00105
564,75185005010,16,1.0 Slice,80.0,1.5 g,0.0 g,5 g,3 g,14 g,110.0 mg,15.0,75185,00501
565,14800000108,6,1.0 Container,90.0,0.0 g,0.0 g,0 g,22 g,24 g,0.0 mg,0.0,14800,00010
566,71305055255,18,1.0 slice,80.0,0.5 g,0.0 g,2 g,less than 1 g,16 g,230.0 mg,5.0,71305,05525
567,20169221504,about 5,0.5 cup,120.0,6.0 g,2.5 g,3 g,2 g,15 g,440.0 mg,50.0,20169,22150
568,16000264700,6,42.0 g,190.0,8.0 g,1.0 g,4 g,11 g,27 g,180.0 mg,80.0,16000,26470
569,41148473752,1,155.0 g,230.0,12.0 g,8.0 g,5 g,22 g,25 g,75.0 mg,110.0,41148,47375
570,46000288697,ABOUT 6,5.0 g,15.0,0.0 g,0.0 g,0 g,0 g,3 g,300.0 mg,0.0,46000,28869
571,70800041183,7,2.0 fried slices,100.0,8.0 g,3.0 g,5 g,0 g,0 g,360.0 mg,70.0,70800,04118
572,49000050721,2.5,12.0 oz,0.0,0.0 g,,0 g,,1 g,150.0 mg,,49000,05072
573,42421005950,about 6,16.0 slices,140.0,13.0 g,5.0 g,6 g,nan kg,1 g,490.0 mg,120.0,42421,00595
574,41789001222,1,1.0 container,290.0,12.0 g,6.0 g,7 g,2 g,38 g,1200.0 mg,110.0,41789,00122
575,21000611614,32,1.0 oz,70.0,4.0 g,2.5 g,4 g,2 g,3 g,400.0 mg,35.0,21000,61161
576,66086080206,About 13,0.25 cup,20.0,0.0 g,0.0 g,1 g,2 g,4 g,140.0 mg,0.0,66086,08020
577,73410000267,16,1.0 slice,110.0,3.0 g,0.5 g,5 g,3 g,19 g,190.0 mg,,73410,00026
578,73410000267,,,220.0,6.0 g,1.0 g,9 g,6 g,38 g,380.0 mg,,73410,00026
580,34000290055,6,1.0 bar,220.0,13.0 g,8.0 g,3 g,24 g,25 g,35.0 mg,110.0,34000,29005
581,73420000110,15,2.0 tablespoons,60.0,5.0 g,3.5 g,1 g,1 g,1 g,15.0 mg,45.0,73420,00011
582,34000405688,2.5,3.0 pieces,240.0,14.0 g,5.0 g,5 g,24 g,26 g,170.0 mg,120.0,34000,40568
583,34000405688,2.5,3.0 pieces,240.0,14.0 g,5.0 g,5 g,24 g,26 g,170.0 mg,120.0,34000,40568
584,39000008006,6,2.0 shells,120.0,6.0 g,0.0 g,2 g,0 g,16 g,160.0 mg,50.0,39000,00800
585,30271034077,7,0.25 cup,35.0,1.5 g,0.0 g,1 g,3 g,4 g,120.0 mg,15.0,30271,03407
586,70272232027,about 37,2.0 Tbsp,15.0,1.0 g,0.5 g,0 g,less than 1 g,1 g,0.0 mg,10.0,70272,23202
587,11140871023,,0.33 Cup (Dry),80.0,0.0 g,0.0 g,2 g,0 g,17 g,15.0 mg,,11140,87102
588,11140871023,,0.66 Cup (Prepared),160.0,7.0 g,4.5 g,4 g,3 g,20 g,380.0 mg,,11140,87102
589,25000054334,11,8.0 fl oz,110.0,0.0 g,0.0 g,2 g,23 g,26 g,0.0 mg,0.0,25000,05433
590,41800716005,About 3,8.0 fl. oz.,160.0,0.0 g,nan kg,0 g,38 g,40 g,45.0 mg,,41800,71600
591,24000163176,3.5,0.5 cup,30.0,0.0 g,0.0 g,3 g,0 g,4 g,310.0 mg,0.0,24000,16317
592,24000163176,3.5,0.5 cup,20.0,0.0 g,0.0 g,3 g,0 g,4 g,310.0 mg,0.0,24000,16317
593,24000343462,about 7,0.25 cup,20.0,0.0 g,0.0 g,1 g,2 g,4 g,280.0 mg,0.0,24000,34346
594,83900005764,-,1.0 bottle,0.0,0.0 g,,0 g,,0 g,55.0 mg,,83900,00576
595,41331120012,about 3.5,0.5 cup,70.0,0.0 g,0.0 g,4 g,0 g,14 g,390.0 mg,0.0,41331,12001
596,71040000602,12,1.0 stick,60.0,4.0 g,2.5 g,7 g,0 g,0 g,160.0 mg,35.0,71040,00060
597,29700001476,4,0.25 cup dry mix,110.0,2.5 g,1.5 g,2 g,2 g,20 g,580.0 mg,25.0,29700,00147
598,39400016069,2,0.5 cup,140.0,1.0 g,0.0 g,6 g,12 g,29 g,550.0 mg,10.0,39400,01606
599,13000001120,20,17.0 g,20.0,0.0 g,0.0 g,0 g,3 g,5 g,230.0 mg,0.0,13000,00112
600,75185007007,16,1.0 Slice,90.0,1.5 g,0.0 g,4 g,3 g,15 g,110.0 mg,10.0,75185,00700
601,75185000015,8,1.0 Roll,140.0,2.5 g,0.5 g,6 g,5 g,24 g,180.0 mg,20.0,75185,00001
602,54800030767,2,1.0 cup,210.0,3.0 g,0.0 g,4 g,1 g,42 g,660.0 mg,30.0,54800,03076
603,41196010138,ABOUT 2,244.0 g,130.0,3.0 g,0.5 g,2 g,9 g,23 g,690.0 mg,30.0,41196,01013
604,19600046103,1,1.0 pizza,350.0,16.0 g,7.0 g,8 g,3 g,41 g,830.0 mg,140.0,19600,04610
605,13562000043,ABOUT 2.5,71.0 g,260.0,4.5 g,2.5 g,10 g,4 g,47 g,500.0 mg,40.0,13562,00004
606,13562000043,ABOUT 2.5,71.0 g,270.0,4.5 g,2.5 g,11 g,5 g,48 g,510.0 mg,40.0,13562,00004
607,49000054361,2.5,12.0 fl oz,0.0,0.0 g,nan kg,0 g,nan kg,<1 g,150.0 mg,,49000,05436
608,44700360026,,1.0 package,320.0,17.0 g,8.0 g,9 g,11 g,32 g,600.0 mg,150.0,44700,36002
609,21000010882,1,1.0 Package,220.0,3.5 g,2.0 g,7 g,6 g,39 g,490.0 mg,35.0,21000,01088
610,44000033279,about 16,3.0 cookies,160.0,7.0 g,2.0 g,1 g,14 g,25 g,135.0 mg,,44000,03327
611,71871548601,about 22,1.0 slice,35.0,2.5 g,1.0 g,2 g,nan kg,0 g,140.0 mg,25.0,71871,54860
612,51600000013,59,1.0 tsp,5.0,0.0 g,nan kg,0 g,1 g,1 g,65.0 mg,,51600,00001
615,43000285329,6,0.16 box,100.0,1.0 g,0.0 g,3 g,2 g,20 g,400.0 mg,10.0,43000,28532
616,43000285329,,0.5 cup,150.0,5.0 g,1.5 g,3 g,2 g,21 g,470.0 mg,50.0,43000,28532
617,40000505310,7,3.0 bars,200.0,6.0 g,4.0 g,1 g,30 g,34 g,80.0 mg,60.0,40000,50531
618,13000798600,9,0.25 c,30.0,2.0 g,1.0 g,0 g,0 g,3 g,220.0 mg,15.0,13000,79860
621,21000013289,-,1.0 container,80.0,2.5 g,1.5 g,10 g,3 g,8 g,370.0 mg,20.0,21000,01328
622,13562300846,2.5,71.0 g,260.0,4.5 g,2.5 g,10 g,4 g,46 g,510.0 mg,40.0,13562,30084
623,13562300846,2.5,71.0 g,270.0,4.5 g,2.5 g,11 g,5 g,47 g,520.0 mg,40.0,13562,30084
624,70470435480,1,150.0 g,100.0,0.0 g,0.0 g,15 g,7 g,10 g,70.0 mg,0.0,70470,43548
625,70470433332,1,150.0 g,100.0,0.0 g,0.0 g,14 g,7 g,11 g,55.0 mg,0.0,70470,43333
626,70470433318,1,150.0 g,100.0,0.0 g,0.0 g,14 g,7 g,11 g,55.0 mg,0.0,70470,43331
627,21000121649,15,2.0 tbsp,40.0,3.0 g,2.0 g,1 g,2 g,2 g,20.0 mg,30.0,21000,12164
629,14100085393,About 6,,140.0,5.0 g,1.0 g,3 g,1 g,20 g,240.0 mg,45.0,14100,08539
630,70200010666,20,2.0 tbsp,30.0,1.5 g,0.0 g,1 g,0 g,4 g,75.0 mg,10.0,70200,01066
631,14800646085,16,8.0 fl oz,60.0,0.0 g,nan kg,0 g,14 g,15 g,105.0 mg,,14800,64608
632,38000402906,5,2.0 waffles,190.0,8.0 g,2.0 g,5 g,2 g,27 g,370.0 mg,70.0,38000,40290
633,38000402906,5,2.0 waffles,100.0,8.0 g,2.0 g,5 g,2 g,27 g,370.0 mg,35.0,38000,40290
635,41617002254,383,0.125 tsp,0.0,0.0 g,,0 g,,0 g,55.0 mg,,41617,00225
636,43000204450,4,0.25 package,100.0,0.5 g,0.0 g,0 g,18 g,23 g,360.0 mg,5.0,43000,20445
637,43000204450,,,160.0,0.5 g,0.0 g,0 g,18 g,23 g,360.0 mg,30.0,43000,20445
638,44700031285,8,2.0 oz,50.0,1.0 g,0.0 g,9 g,<1 g,2 g,540.0 mg,10.0,44700,03128
639,49000055436,3.5,12.0 fl oz,170.0,0.0 g,,0 g,45 g,45 g,60.0 mg,,49000,05543
640,59290573220,9,14.0 g,60.0,1.0 g,0.0 g,nan kg,0 g,10 g,80.0 mg,10.0,59290,57322
641,86600000206,2,2.0 oz,50.0,0.0 g,0.0 g,11 g,0 g,0 g,180.0 mg,5.0,86600,00020
642,41331026628,5,0.25 c,160.0,0.0 g,0.0 g,4 g,0 g,36 g,820.0 mg,0.0,41331,02662
643,16000141568,,1.0 Container,180.0,2.0 g,0.0 g,4 g,17 g,39 g,310.0 mg,20.0,16000,14156
644,41331049436,7,30.0 g,130.0,3.0 g,1.5 g,2 g,6 g,24 g,105.0 mg,25.0,41331,04943
645,71040063300,16,1.0 oz,70.0,5.0 g,3.0 g,6 g,<1 g,<1 g,200.0 mg,45.0,71040,06330
646,41196010121,2,240.0 g,100.0,2.0 g,0.5 g,4 g,3 g,20 g,690.0 mg,15.0,41196,01012
647,20735110577,12,0.5 cup,150.0,7.0 g,4.5 g,2 g,15 g,20 g,90.0 mg,60.0,20735,11057
648,21000612239,8,1.0 oz,100.0,10.0 g,6.0 g,2 g,<1 g,<1 g,110.0 mg,90.0,21000,61223
649,14100096559,About 28,1.1 oz,140.0,5.0 g,1.0 g,3 g,0 g,20 g,250.0 mg,45.0,14100,09655
650,11233087041,1,1.0 Pie,380.0,18.0 g,9.0 g,4 g,20 g,52 g,330.0 mg,170.0,11233,08704
651,21000009015,8,28.0 g,120.0,10.0 g,6.0 g,6 g,0 g,0 g,170.0 mg,90.0,21000,00901
652,29700001469,4,0.25 cup,110.0,2.5 g,2.0 g,2 g,2 g,20 g,510.0 mg,25.0,29700,00146
653,14100085478,6,1.1 oz,140.0,5.0 g,1.0 g,3 g,0 g,20 g,250.0 mg,45.0,14100,08547
654,73491095008,4,4.0 oz,90.0,1.5 g,1.0 g,4 g,5 g,14 g,140.0 mg,15.0,73491,09500
655,72945601369,22,1.0 slice,70.0,1.0 g,0.0 g,2 g,1 g,13 g,115.0 mg,,72945,60136
656,72945601369,,,140.0,1.5 g,0.0 g,5 g,3 g,25 g,230.0 mg,,72945,60136
657,49000050165,6,355.0 ml,150.0,0.0 g,,0 g,42 g,42 g,35.0 mg,,49000,05016
658,48121184070,6,1.0 muffin,120.0,1.0 g,0.5 g,5 g,<1 g,23 g,230.0 mg,,48121,18407
660,49000064063,5,12.0 fl oz,120.0,0.0 g,,0 g,32 g,32 g,35.0 mg,,49000,06406
661,23000351958,About 26,1.0 oz,5.0,0.0 g,0.0 g,0 g,0 g,1 g,160.0 mg,0.0,23000,35195
662,71305055262,18,1.0 slice,80.0,1.0 g,0.0 g,2 g,less than 1 g,16 g,230.0 mg,5.0,71305,05526
663,43000276785,about 27,2.0 Tbsp,70.0,5.0 g,4.5 g,<1 g,5 g,6 g,40.0 mg,40.0,43000,27678
664,36632002600,about 4,1.0 Cup,110.0,0.0 g,0.0 g,7 g,13 g,20 g,115.0 mg,0.0,36632,00260
665,19600045007,1,1.0 Pizza,330.0,14.0 g,7.0 g,8 g,3 g,43 g,850.0 mg,130.0,19600,04500
666,14100074724,About 8,,140.0,7.0 g,4.0 g,1 g,9 g,17 g,35.0 mg,70.0,14100,07472
667,72030013398,5,1.0 pouch,180.0,8.0 g,1.5 g,2 g,15 g,26 g,190.0 mg,70.0,72030,01339
668,43000000373,12,0.25 cup,200.0,0.0 g,,0 g,26 g,53 g,140.0 mg,,43000,00037
669,72030011080,4,1.0 donut,170.0,9.0 g,4.0 g,2 g,8 g,20 g,190.0 mg,80.0,72030,01108
670,72030011080,4,1.0 donut,190.0,10.0 g,4.5 g,2 g,10 g,24 g,210.0 mg,90.0,72030,01108
671,72030011080,4,1.0 donut,190.0,10.0 g,4.5 g,2 g,10 g,24 g,210.0 mg,90.0,72030,01108
672,19600046301,1,1.0 pizza,350.0,14.0 g,7.0 g,14 g,3 g,41 g,750.0 mg,130.0,19600,04630
673,16000305700,18,28.0 g,120.0,3.5 g,1.0 g,2 g,12 g,20 g,150.0 mg,35.0,16000,30570
674,16000305700,18,28.0 g,140.0,6.0 g,1.5 g,2 g,12 g,20 g,150.0 mg,60.0,16000,30570
675,16000306301,18,28.0 g,110.0,1.5 g,0.5 g,1 g,13 g,23 g,80.0 mg,15.0,16000,30630
676,16000306301,18,28.0 g,160.0,7.0 g,4.0 g,2 g,13 g,23 g,115.0 mg,60.0,16000,30630
677,44700361474,-,1.0 package,340.0,16.0 g,7.0 g,11 g,17 g,37 g,620.0 mg,140.0,44700,36147
678,11233087010,1,1.0 pie,360.0,18.0 g,9.0 g,4 g,15 g,47 g,350.0 mg,170.0,11233,08701
682,78700801623,11,2.0 slices,120.0,1.5 g,0.0 g,6 g,4 g,27 g,180.0 mg,15.0,78700,80162
683,46000811512,6,32.0 g,150.0,8.0 g,3.0 g,2 g,0 g,19 g,130.0 mg,,46000,81151
684,36200004647,5,0.5 cup,80.0,2.5 g,0.5 g,3 g,9 g,13 g,480.0 mg,25.0,36200,00464
685,71330601380,18,1.0 slice,80.0,1.0 g,0.0 g,2 g,<1 g,16 g,230.0 mg,,71330,60138
686,43000955628,8,0.125 package,0.0,0.0 g,,0 g,,0 g,5.0 mg,,43000,95562
687,41196404821,2,244.0 g,70.0,1.0 g,0.0 g,6 g,2 g,10 g,690.0 mg,10.0,41196,40482
688,29000016651,10,1.0 oz,170.0,15.0 g,2.0 g,6 g,1 g,5 g,85.0 mg,130.0,29000,01665
689,78000152883,,1.0 Bottle,140.0,0.0 g,nan kg,0 g,35 g,36 g,50.0 mg,,78000,15288
690,44700361139,,1.0 package,420.0,17.0 g,7.0 g,15 g,24 g,52 g,760.0 mg,150.0,44700,36113
691,26200117003,1,1.0 stick,140.0,11.0 g,4.0 g,6 g,less than 1 g,4 g,480.0 mg,100.0,26200,11700
692,49000055375,About 3.5,12.0 fl oz,140.0,0.0 g,nan kg,0 g,39 g,39 g,45.0 mg,,49000,05537
693,48000000866,2,56.0 g,60.0,2.0 g,0.5 g,10 g,0 g,0 g,180.0 mg,20.0,48000,00086
694,09800000715,4,3.0 pieces,230.0,16.0 g,5.0 g,3 g,15 g,18 g,25.0 mg,150.0,09800,00071
698,15665770458,6,1.0 oz,140.0,6.0 g,1.0 g,2 g,1 g,18 g,190.0 mg,50.0,15665,77045
699,13800151735,2,1.0 pizza,400.0,20.0 g,7.0 g,15 g,4 g,40 g,950.0 mg,180.0,13800,15173
700,49000051995,6,355.0 ml,0.0,0.0 g,,0 g,,0 g,40.0 mg,,49000,05199
701,71448300144,About 8,2.0 Tbsp.,80.0,7.0 g,4.5 g,0 g,0 g,2 g,140.0 mg,70.0,71448,30014
702,51000232625,About 2,1.0 cup,100.0,1.5 g,0.0 g,8 g,1 g,12 g,640.0 mg,,51000,23262
703,72030001616,About 8,4.0 pieces,230.0,13.0 g,6.0 g,2 g,17 g,28 g,170.0 mg,110.0,72030,00161
704,15100026249,6,1.5 cup,220.0,3.0 g,1.0 g,8 g,2 g,40 g,15.0 mg,30.0,15100,02624
705,43000204313,4,0.25 package,110.0,0.0 g,0.0 g,0 g,18 g,25 g,430.0 mg,0.0,43000,20431
706,43000204313,4,0.25 package,170.0,0.0 g,0.0 g,0 g,18 g,25 g,430.0 mg,25.0,43000,20431
707,71921133894,4,0.25 pizza,270.0,10.0 g,5.0 g,12 g,3 g,32 g,600.0 mg,90.0,71921,13389
708,38000596445,About 10,0.75 Cup,110.0,0.0 g,0.0 g,1 g,10 g,26 g,150.0 mg,0.0,38000,59644
709,38000596445,,,152.0,0.0 g,0.0 g,5 g,16 g,32 g,201.0 mg,0.0,38000,59644
710,21000611447,16,1.0 slice,40.0,2.0 g,1.0 g,3 g,2 g,3 g,320.0 mg,15.0,21000,61144
711,83900005382,5,12.0 oz,0.0,0.0 g,,0 g,,0 g,35.0 mg,,83900,00538
712,28400147415,7,1.0 oz,140.0,6.0 g,1.0 g,2 g,2 g,18 g,120.0 mg,60.0,28400,14741
713,70470137780,8,56.0 g,50.0,0.5 g,0.0 g,2 g,8 g,10 g,30.0 mg,5.0,70470,13778
714,44000026813,about 24,5.0 crackers,70.0,1.5 g,0.0 g,1 g,0 g,12 g,150.0 mg,15.0,44000,02681
715,44000026813,about 24,5.0 crackers,210.0,4.5 g,1.0 g,5 g,0 g,36 g,440.0 mg,40.0,44000,02681
716,44000000554,About 28,5.0 crackers,70.0,1.5 g,0.0 g,1 g,0 g,13 g,60.0 mg,15.0,44000,00055
